NATIONKEY,NATIONKEY,S_COMMENT,S_ACCTBAL,S_PHONE,S_ADDRESS,S_NAME,SUPPKEY,R_COMMENT,R_NAME,REGIONKEY
22,0.6666666666666666,0.3333333333333333,0.3333333333333333,0.3333333333333333,0.0,0.3333333333333333,0.3333333333333333,0.0,0.0,0.0
12,0.6666666666666666,0.0,0.0,0.0,0.0,0.0,0.3333333333333333,0.0,0.0,0.0
7,0.6666666666666666,0.0,0.0,0.0,0.0,0.0,0.3333333333333333,0.0,0.0,0.0
9,0.6666666666666666,0.0,0.0,0.0,0.0,0.0,0.3333333333333333,0.0,0.0,0.0
